氏名,提出日,ファイルリンク
米花 雅史,2026-08-05,https://syshd01-my.sharepoint.com/:b:/g/personal/yonehana_masashi_syshd01_onmicrosoft_com/IQAejmJ2kR2zTbB2YthojCmDAYg7B51Rk1zZIQVwlASscPc?e=q1Qu1F
米花 雅史,2026-08-18,https://syshd01-my.sharepoint.com/:b:/g/personal/yonehana_masashi_syshd01_onmicrosoft_com/IQCQ3W-ypCodRJLP6i4G24QsAaDA20zl59D25G0640Oa7Jw?e=ojiuOS
趙 振雲,2026-08-18,https://syshd01-my.sharepoint.com/:b:/g/personal/yonehana_masashi_syshd01_onmicrosoft_com/IQB0hmxitQ0iRqLQALNfcmW3AewJbUCxXfS4etHZJEw7stQ?e=oQ1Jw5
北岡 佑太,2026-09-04,https://syshd01-my.sharepoint.com/:b:/g/personal/yonehana_masashi_syshd01_onmicrosoft_com/IQCMIY1m9C-NQqEDgQv_GFyfAaOH8qqQqhOsw-shD1q-XxY?e=8Ln0aH
ソンウトウ,2026-09-05,https://syshd01-my.sharepoint.com/:b:/g/personal/yonehana_masashi_syshd01_onmicrosoft_com/IQC74CPAc9HPRYasyF_o2w27Ae-Opf86w1G6HWTMhN2BQbQ?e=M79xAi
米花 雅史,2026-09-28,https://syshd01-my.sharepoint.com/:b:/g/personal/yonehana_masashi_syshd01_onmicrosoft_com/IQDw3dLzBSabRY4UaryJCSjHARvp9lkG0UircvfNMZbwjik?e=0goJuI
米花 雅史,2026-09-28,https://syshd01-my.sharepoint.com/:b:/g/personal/yonehana_masashi_syshd01_onmicrosoft_com/IQAbTKT8YjhESbG-_CtgbTCaAefuttknhYGPPDEJLFXn2Mc?e=hMUhLZ
米花 雅史,2026-09-28,https://syshd01-my.sharepoint.com/:b:/g/personal/yonehana_masashi_syshd01_onmicrosoft_com/IQBCgt5UwCHOQrF4V6jExiO2AQYOyq3XZjQ_pJpbAqAyNCE?e=qTNk4h
米花 雅史,2026-10-02,https://syshd01-my.sharepoint.com/:b:/g/personal/yonehana_masashi_syshd01_onmicrosoft_com/IQCp-0NLSdoSTaopxOm7dlOTARC4Ks1JlFlqLuymuwLMqnM?e=hkUVit
劉 華雲,2026-10-05,https://syshd01-my.sharepoint.com/:b:/g/personal/yonehana_masashi_syshd01_onmicrosoft_com/IQDCNYyeEzwQQrHPq-O1A10gASXpOsrZ8F-tusjFTwCXK0I?e=kmBAMA
趙 振雲,2026-10-06,https://syshd01-my.sharepoint.com/:b:/g/personal/yonehana_masashi_syshd01_onmicrosoft_com/IQAmVFxGV0SqTYjXfeXvmH0mAWevT6bFZqGL3693hUgK0cY?e=T3Dqca
趙 振雲,2026-10-06,https://syshd01-my.sharepoint.com/:b:/g/personal/yonehana_masashi_syshd01_onmicrosoft_com/IQCcvyUWnscbQZMB1f3EMQziAfTIqlZyZhue4Bdv-SLyb-4?e=0rIgMY
趙 振雲,2026-10-06,https://syshd01-my.sharepoint.com/:b:/g/personal/yonehana_masashi_syshd01_onmicrosoft_com/IQDnGVmtAQiPRpmgYKW_FaxUAWiPTGqVFkEKSPhRe5vRPb0?e=1m0QvA
